{
"data": {
    "WM": [
        0.04849529266357422,
        0.04625391960144043,
        0.07857656478881836,
        0.13587403297424316,
        0.21225285530090332,
        0.3305344581604004
    ],
    "LM": [
        0.2975034713745117,
        1.308180570602417,
        3.8845632076263428,
        9.669641017913818,
        19.188920259475708,
        35.40109610557556
    ],
    "ELM": [
        0.30926942825317383,
        1.379915475845337,
        4.239468812942505,
        11.73042607307434,
        25.32820200920105,
        52.95796084403992
    ],
    "FWM": [
        8.07165561,
        34.5582086,
        139.004404,
        364.221048,
        1015.64643,
        2094.59942
    ],
    "FLM": [
        22.8213988,
        133.818269,
        523.606570,
        1572.64914,
        3480.68617,
        5173.29872
    ],
    "FELM": [
        23.9733094,
        140.136105,
        553.018477,
        1760.12157,
        4562.22129,
        5655.94587
    ]
},
"metadata": {
}
}
